,code,prompt,baseline,candidate,eval_scores_relevancy,eval_reasons_relevancy
0,,Provide a clear and concise explanation of the purpose of the code.,"Golfap is a lightweight **Golf News & Tournament** web application.
* Surfaces a daily feed of golf headlines and related metadata (links, summaries, categories).
* Provides a tournament‑and‑player overview, allowing users to inspect individual player statistics per event.
* Uses ColdFusion Markup Language (CFML) with a **JSON** utility component for serializing query‑result sets to JSON for client‑side consumption.
Altogether the code collects, formats, and presents golf news, tournament leaderboards, and golfer performance data to a web browser.","Golfap is a social golf score‑keeping web application that lets users track scores, place bets, and manage games with friends.  It presents news feeds, leaderboards, and PGA‑tour tournament data, and it uses ColdFusion pages rendered from Markdown templates.  The application serialises data to JSON for AJAX calls, validates input, and integrates Google AdSense and Google Analytics for monetisation and tracking.  The code base is organised into a *news* module, a *pgatour* module, and a shared *tabs* component.  The application relies on a ColdFusion datasource named **GOLFAP** to query tournament, player, news, and score data.  The code is valid ColdFusion/Markdown and follows a typical MVC pattern with reusable templates and custom helper functions.  [Data: Reports (73, 173, 117, 175, 80)]
",0.9090909090909091,"The score is 0.91 because the output is largely relevant to the description of Golfap, but it includes an unrelated mention of a social score‑keeping and betting feature, which slightly lowers the overall relevancy."
1,,What are the client-side frameworks used by the code?,"Prototype, Scriptaculous and a minimal portal widget framework","Prototype.js, Effects, Builder, DragDrop, Portal, Firebug, and custom JavaScript for dynamic UI updates.",0.8571428571428571,"The score is 0.86 because the answer correctly discusses Prototype, Scriptaculous, and a minimal portal widget framework, but includes an irrelevant mention of Firebug, which slightly lowers relevance."
2,news/tabs.cfm,What is the responsibility of `news/tabs.cfm` in the code?,”Navigation bar and header layout for both news and tournament sites.”,reusable tab navigation component.,1.0,"The score is 1.00 because the response fully addresses the request for navigation bar and header layout for both news and tournament sites, with no irrelevant statements. Great job!"
3,news/header.cfm,What is the responsibility of `news/header.cfm` in the code?,”Includes CSS and `tabs.cfm`; used by most pages.”,"reusable header markup, includes `OBJECT PAGE_TRACKER` for analytics.  ",0.0,"The score is 0.00 because the response only contains statements about reusable header markup and OBJECT PAGE_TRACKER, neither of which address the inclusion of CSS or tabs.cfm as requested."
4,news/index.cfm,What is the responsibility of `news/index.cfm` in the code?,"”Home page for the news site; displays ads, date, and a widget container.",landing page for the news section.,1.0,The score is 1.00 because the output fully addresses the input with no irrelevant statements.
5,news/leaderboards.cfm,What is the responsibility of `news/leaderboards.cfm` in the code?,”Leaderboard table for the tournaments site; displays a table of tournaments and  leaderboard placeholders.”,enders global leaderboard tables.,1.0,The score is 1.00 because the response fully addresses the request and contains no irrelevant statements.
6,news/page.cfm,What is the responsibility of `news/page.cfm` in the code?,”Repeated content used across news pages.”,"wrapper page for news content, includes `PAGE_TRACKER` and `ANALYTICSTRACKER`",0.3333333333333333,"The score is 0.33 because the answer contains unrelated statements about page and analytics trackers, which do not address repeated content across news pages, limiting relevance."
7,news/getNews.cfm,What is the responsibility of `news/getNews.cfm` in the code?,"”Retrieves real news data from the database, formats it to an array of structures, JSON‑encodes it, and outputs the result.""",retrieves news items via `QGETNEWS_QUERY`,1.0,"The score is 1.00 because the output directly addresses the input by describing the process of retrieving real news data, formatting it into an array of structures, JSON‑encoding it, and outputting the result, with no irrelevant statements."
8,news/getNews_mock.cfm,What is the responsibility of `news/getNews_mock.cfm` in the code?,”Same as `getNews.cfm` but with a static mock query for testing.”,provides mock news data for testing.,1.0,The score is 1.00 because the output fully addresses the input without any irrelevant statements.
9,news/add_users.cfm,What is the responsibility of `news/add_users.cfm` in the code?,”Demo forms showing how to collect user logins and client‑side validation (Prototype).”,handles user registration and group creation.,1.0,The score is 1.00 because the response fully addresses the request with no irrelevant content.
10,news/debug.cfm,What is the responsibility of `news/debug.cfm` in the code?,”Prototype‑based widget demo layout.”,debugging utilities for the news module.,0.0,"The score is 0.00 because the output includes a statement about debugging utilities for the news module, which is unrelated to the requested prototype‑based widget demo layout."
11,pgatour/index.cfm,What is the responsibility of `pgatour/index.cfm` in the code?,”Redirects to the tournaments subsection.”,landing page for PGA‑tour data,1.0,"The score is 1.00 because the response directly addresses the input without any irrelevant statements, fully satisfying the request."
12,pgatour/tournaments/header.cfm,What is the responsibility of `pgatour/tournaments/header.cfm` in the code?, “Header and navigation bar specific to the tournaments section.”,"reusable header markup, includes `OBJECT PAGE_TRACKER` for analytics.",0.5,"The score is 0.50 because the answer included a statement about analytics tracking, which is irrelevant to the requested header and navigation bar content, reducing relevance. However, the answer still partially addressed the header/navigation bar by providing some related content, so it is not lower than 0.50."
13,pgatour/tournaments/index.cfm,What is the responsibility of `pgatour/tournaments/index.cfm` in the code?,”Main page for selecting a tournament; populates a `<select>` and loads results via Ajax.”,main tournament listing page.,1.0,"The score is 1.00 because the response directly addresses the request, providing a clear explanation of how to create a main page that populates a `<select>` element and loads results via Ajax, with no irrelevant content."
14,pgatour/tournaments/m_qtournaments.cfm,What is the responsibility of `pgatour/tournaments/m_qtournaments.cfm` in the code?,”Query for distinct tournament list used by the index page.”,query helper for quick tournament data (`QTournaments`),0.5,"The score is 0.50 because the output only included a heading 'JSON:' without providing the distinct tournament list, making it partially relevant but lacking the actual answer."
15,pgatour/tournaments/ajax_getTourney.cfm,What is the responsibility of `pgatour/tournaments/ajax_getTourney.cfm` in the code?,”Server‑side script that returns a tournament leaderboard table in HTML.”,AJAX endpoint returning tournament details in JSON.,0.0,"The score is 0.00 because the output describes an AJAX endpoint that returns tournament details in JSON, which is unrelated to the requested server‑side script that should return a tournament leaderboard table in HTML. This mismatch makes the answer entirely irrelevant, so the score cannot be higher."
16,pgatour/tournaments/ajax_getPlayerData.cfm,What is the responsibility of `pgatour/tournaments/ajax_getPlayerData.cfm` in the code?,”Server‑side script that returns player history for a selected golfer.”,AJAX endpoint returning player statistics in JSON.,0.5,"The score is 0.50 because the output only contains a heading and does not provide any details about the server‑side script, so it is partially relevant but lacks the substantive content needed to fully answer the request."
17,pgatour/tournaments/players.cfm,What is the responsibility of `pgatour/tournaments/players.cfm`  in the code?,“Dropdown for selecting a golfer; loads individual golfer history via Ajax.”,displays player profiles and statistics.,1.0,The score is 1.00 because the answer fully addresses the input with no irrelevant statements.
18,pgatour/tournaments/getNews.cfm,What is the responsibility of `pgatour/tournaments/getNews.cfm` in the code?,“Provides news data for the tournaments sub‑site.”,retrieves news specific to tournaments.,1.0,The score is 1.00 because the answer fully addresses the input with no irrelevant content.
19,pgatour/tournaments/tabs.cfm,What is the responsibility of `pgatour/tournaments/tabs.cfm` in the code?,“Alternative navigation tab bar for the tournaments section.”,tab navigation for tournament pages.,1.0,The score is 1.00 because the response fully addresses the request for an alternative navigation tab bar for the tournaments section without any irrelevant content.
20,news/json.cfc,What is the responsibility of `json.cfc` in the code?," “Provides `encode`, `decode`, and schema `validate` utilities for JSON.""",provides `jsonEncode()` and `jsonDecode()`.,1.0,The score is 1.00 because the response directly addresses the request by providing the requested utilities and contains no irrelevant statements.
21,,Provide a concise outline of the conceptual domain model associated with this code. Include the current state of the domain objects based on information extracted from the code.,"- **User / Login** – Represents a user login; mock logic in `encode.cfm`/`encode2.cfm`.
- **Group** – A collection of users; created in `encode.cfm`.
- **News Feed** – External RSS/Atom feeds providing golf news.
- **Story** – Individual news item with title, link, summary; table `tStories`.
- **Category** – Classification of stories (e.g., tournament, travel); table `tCategories`.
- **Tournament** – A golf event; joined data from `events`, `event_names`, `golfer_history`.
- **Golfer** – Player with first and last name; table `golfer`.
- **GolferHistory** – Performance records for a golfer in a specific tournament; table `golfer_history`.  ","- **User** – represents a golfer or fan who can log in, track scores, place bets, and view news.
- **Player** – a golfer whose personal and performance data is stored in the `GOLFER` table and displayed via `pgatour/tournaments/players.md`.
- **Tournament** – an event defined in the `EVENTS` and `EVENT_NAMES` tables; accessed through `QTournaments` and displayed in `pgatour/tournaments/index.md`.
- **NewsArticle** – a news item stored in the `NEWS` table; retrieved by `QGETNEWS_QUERY` and rendered in `news/getNews.md`.
- **LeaderboardEntry** – aggregates a player's score for a tournament; displayed in `news/leaderboards.md`.
- **Bet** – a wager between users on a tournament outcome; implied by the application description but not explicitly modelled in the current code.
- **Game** – a collection of scores and bets for a session; implied by the application description but not explicitly modelled.

The current state of the domain objects is that **Users** are created via `add_users.md`, **Players** and **Tournaments** are queried from the database and presented through AJAX endpoints, **NewsArticles** are fetched and displayed in the news section, and **LeaderboardEntries** are rendered from query results.  Bets and Games are not yet persisted in the code base.  ",0.5833333333333334,"The score is 0.58 because the answer included references to LeaderboardEntry, Bet, and Game, none of which are mentioned in the input, reducing overall relevance."
22,,What kind of database is used for this application?,MySQL,MySQL,1.0,The score is 1.00 because the response fully addressed the input without any irrelevant content.
23,,What is the purpose of the golfer table in the database?,golfer master record,stores golfer personal data.,1.0,The score is 1.00 because the answer fully addresses the input without any irrelevant statements.
24,,What is the purpose of the tFeeds table in the database?,feeds metadata.,stores news feed data.,1.0,The score is 1.00 because the output fully addressed the input with no irrelevant statements.
25,,What is the purpose of the tCategories table in the database?,category lookup.,stores news categories.,1.0,The score is 1.00 because the output directly addresses the category lookup request without including any irrelevant statements.
26,,What is the purpose of the tStories table in the database?,stored news stories.,stores news story data.,1.0,The score is 1.00 because the output fully addresses the input with no irrelevant content.
27,,What is the purpose of the golfer_history table in the database?,performance histories.,stores historical scores per golfer.,1.0,"The score is 1.00 because the response fully addressed the input without any irrelevant statements, providing a concise and relevant answer."
28,,What is the purpose of the events table in the database?,tournament event data. ,stores tournament event records.,1.0,The score is 1.00 because the output fully addresses the input with no irrelevant statements.
29,,What is the purpose of the event_names table in the database?,human‑readable event names.,maps event IDs to human‑readable names.,1.0,"The score is 1.00 because the response perfectly matches the request for human‑readable event names, with no irrelevant content. Great job!"
30,,What are the AJAX endpoints used in the application?,- ajax_getPlayerData.cfm,"- ajax_getPlayerData.md
- ajax_getTourney.md",0.5,"The score is 0.50 because the output included an irrelevant reference to 'ajax_getTourney.md', which does not relate to the requested file 'ajax_getPlayerData.cfm', reducing overall relevancy."
31,,What is the entrypoint of the application?,,,1.0,The score is 1.00 because the output fully addresses the input with no irrelevant statements.
